Title,Age Rating,Player Count,Type of Game,Length of Game,Subjects,Tags
A Little Wordy,10+,2,Word Game,20-30 min,"Vocabulary, Spelling","two-player, letter tiles, clue giving, Exploding Kittens, travel friendly"
A Midsummer Night's Fayre,8+,2-5,Dice Game,30 min,,"fairy tale, press-your-luck, Gamewright, fantasy, family"
Apples to Apples Junior,9+,4-8,Party Card Game,30 min,Vocabulary,"comparison game, crazy combinations, family friendly, large groups, Mattel"
Bananagrams,7+,1-8,Word Tile Game,15 min,"Spelling, Vocabulary","anagram race, banana pouch, no board, solo playable, travel friendly. (Two copies on hand.) My First Bananagrams also on hand as a separate entry."
Beez,8+,2-4,Abstract Strategy Game,30-45 min,"Bees, Pollination","nature theme, hex grid, pattern building, Next Move / Plan B, gorgeous components"
Blah Blah Blah Card Game (Mrs Wordsmith Phonics),,,Word Game,,"Phonics, Early Reading","200+ words, decoding practice, DK / Mrs Wordsmith, early literacy"
Brandon the Brave,5+,2-4,Tile-Laying Game,10 min,,"knights and dragons, triangular field tiles, task cards, HABA, wooden components, quick play"
Brilliant,8+,1-6,Roll-and-Write Game,20-30 min,"Number Placement, Probability","twelve-sided dice, gem grid, Ralf zur Linde, Ravensburger, solo playable"
Cards Against Humanity,17+,4-20+,Party Card Game,30-90 min,,"adult humor, fill-in-the-blank, judging round, large groups, not for kids"
Cascadia Junior,6+,1-4,Family Strategy Game,20 min,"Habitats, Wildlife","tile laying, Pacific Northwest animals, simplified Cascadia, AEG / Flatout Games, Beth Sobel art"
Cat Crimes,8+,1+,Logic Puzzle Game,20 min,Deductive Logic,"40 puzzles beginner to expert, solo playable, ThinkFun, single-player logic grid"
Catan Junior,6+,2-4,Family Strategy Game,30 min,"Resource Trading, Counting","pirate lairs and ships, simplified Catan, Ghost Captain, Kosmos, gateway for young players, stored loose in a zip bag (box removed)"
Cathedral: Magnetic Travel Edition,8+,2,Abstract Strategy Game,20-30 min,Spatial Reasoning,"wooden pieces, magnetic travel set, area control, two-player abstract, medieval city theme"
Cauldron Quest,6+,2-4,Cooperative Board Game,20 min,Teamwork,"Peaceable Kingdom, cooperative, magic theme, potion quest, young players"
Chess,6+,2,Abstract Strategy Game,30-60 min,"Strategy, Logic, Spatial Reasoning","classic, two-player, perfect information, no luck, endlessly deep, traditional game"
Clue: Classic Detective Game,8+,3-6,Deduction Board Game,45 min,"Logic, Deduction","whodunit, classic, Hasbro, note-taking deduction, retro edition"
Codenames,10+,2-8,Word Association / Team Game,15-30 min,"Vocabulary, Word Association","spymaster clues, grid of code words, Vlaada Chvatil, Czech Games Edition, modern classic"
Codenames: Harry Potter,11+,2-8,Word Association / Team Game,15-30 min,Word Association,"Wizarding World theme, spymaster clues, USAopoly, fan tie-in"
Codenames: Pictures,10+,2-8,Word Association / Team Game,15-30 min,Visual Association,"surreal picture grid, spymaster clues, Czech Games Edition, works with non-readers"
Cytosis: A Cell Biology Game,10+,2-5,Educational Board Game,60 min,"Cell Biology, Science","worker placement, organelles and enzymes, Genius Games, high school biology, homeschool science"
Dixit,8+,3-8,Party Game / Storytelling,30 min,"Creative Language, Inference","surreal illustrations, storytelling, bluffing, Libellud, large groups"
Double-Six Dominoes,8+,2-4,Tile Game,20-30 min,"Number Matching, Counting","classic dominoes set, Game Gallery, family friendly, many variant games"
Dragonrealm: A Game of Goblins & Gold,10+,2-5,Dice Game,30 min,,"press-your-luck, fantasy, goblins, Gamewright, treasure collecting"
Escape from the Aquarium,8-12,1-6,Escape Room Game,60 min,Puzzle Solving,"Professor Puzzle, at-home escape room, cooperative, single-use puzzles, ocean theme"
Everdell,13+,1-4,Strategy Board Game,40-80 min,,"worker placement, tableau building, woodland creatures, solo mode, Starling Games"
Exploding Kittens: Original Edition,7+,2-5,Party Card Game,15 min,,"take-that, defuse cards, most-backed Kickstarter, quick play. (Party Pack edition also on hand as a separate entry.)"
Exploding Kittens: Party Pack,7+,2-10,Party Card Game,15 min,,"large group version, take-that, defuse cards, Exploding Kittens, quick play. (Original Edition also on hand as a separate entry.)"
Flamecraft,10+,1-5,Strategy Board Game,60 min,,"worker placement, artisan dragons, cozy fantasy, Lucky Duck Games, Sandara Tang art"
Fleet,10+,2-4,Card Game,30-45 min,,"auction and hand management, Alaskan fishing boats, license bidding, Eagle-Gryphon Games, stored loose in a zip bag (box removed)"
Flower Families: A Go Fish Game,,2-6,Card Game,15 min,"Flower Identification, Botany","go fish variant, botanical illustrations, set collection, nature study tie-in"
Forbidden Island,10+,2-4,Cooperative Board Game,30 min,Teamwork,"cooperative, sinking island, tin box, Gamewright, Matt Leacock"
Forest Shuffle,10+,2-5,Card Game / Drafting,40-60 min,"Forest Ecology, Trees and Wildlife","tableau building, European woodland species, Kosch, Lookout Games, card drafting"
Forests of Pangaia,14+,1-4,Strategy Board Game,40-60 min,"Ecology, Forest Succession","tile placement, area control, nature theme, solo mode, heavier strategy"
Froggy Fractions,,2-4,Educational Game,20 min,"Fractions, Math","Logic Roots, frog theme, elementary math practice, homeschool math"
Grammar Wise: Colourful Language,6+,2-4,Educational Game,20-30 min,"Grammar, Parts of Speech","nouns verbs and adjectives, Chalk & Chuckles, homeschool language arts, illustrated cards"
Guess the Feline,14+,2,Deduction Game,15-20 min,,"cat-themed Guess Who variant, yes-or-no questions, Journey of Something, art by Lyn Paige, two-player"
Hnefatafl,8+,2,Abstract Strategy Game,20-40 min,"Norse History, Strategy","Viking tafl game, asymmetric sides, king escapes to the corners, historical, traditional game"
How Do You Doodle?,12+,3-7,Drawing Party Game,30 min,,"drawing prompts, guess the doodle, Outset Media, large groups"
How Well Do You Know America?,,,Trivia Game,,"U.S. Geography, American History","Ridley's Games Room, trivia cards, compact box"
Hues and Cues,8+,3-10,Party Game,30 min,Color Perception,"color guessing, one-word clues, large groups, The Op, quick to teach"
I Should Have Known That!,,,Trivia Game,,General Knowledge,"common-knowledge trivia, party, owl artwork, University Games"
Jenga,6+,1+,Dexterity Game,15 min,"Fine Motor Skills, Physics","wooden block tower, steady hands, solo playable, party friendly, classic"
King of Tokyo,8+,2-6,Dice Game,30 min,,"giant monsters, press-your-luck dice, Richard Garfield, card powers, family friendly, stored loose in a zip bag (box removed)"
Krill: A Whale of a Game!,8+,2-6,Card Game,20-30 min,"Antarctic Ecology, Food Chains, Marine Biology","77 cards, five game variants, predator and prey chains, Ampersand Press, homeschool science"
Less Is More,,,Party Word Game,,,"guessing and word clues, Spin Master Games, abbreviation prompts"
Lords of Waterdeep,12+,2-5,Strategy Board Game,60-120 min,,"worker placement, Dungeons & Dragons, fantasy intrigue, adventurer quests, Wizards of the Coast"
Mafia: The World's Deadliest Party Game,,,Social Deduction Game,,,"hidden roles, night and day phases, large groups, classic parlor game"
Mantis,7+,2-6,Card Game,20 min,Color Matching,"take-that, rainbow scoring, Exploding Kittens, quick play, cutthroat"
Mobi,6+,1-6,Math Tile Game,20-30 min,"Arithmetic, Number Sense","numbered tiles, build equation crosswords, whale-shaped zip pouch, solo playable, homeschool math practice"
Monikers,17+,4-16+,Party Game,30-60 min,,"three rounds of clue giving, ends in charades, CMYK, adult content, large groups"
Monopoly Jackpot,8+,2-4,Family Board Game,60-90 min,"Money, Counting","property trading, jackpot spinner, Hasbro, variant edition, Costco Wholesale edition also on hand as a separate entry"
Monopoly: Costco Wholesale Edition,8+,2-6,Family Board Game,60-180 min,"Money, Counting","property trading, Costco-branded promotional edition, Hasbro, collector novelty, Monopoly Jackpot also on hand as a separate entry"
My First Bananagrams,4+,1-4,Word Tile Game,15 min,"Letter Recognition, Early Spelling","simplified Bananagrams, banana pouch, preschool literacy, solo playable. (Standard Bananagrams also on hand as a separate entry.)"
My Lil' Everdell,6+,1-4,Family Strategy Game,30-40 min,,"simplified Everdell, worker placement, woodland critters, Starling Games, solo mode, gateway for young players"
Mycelia,9+,1-4,Deck-Building Game,20-40 min,"Fungi, Forest Ecology","deck building, dice, forest floor theme, Ravensburger, solo mode"
Native American History,,,Quiz Card Deck,,Native American History,"illustrated card deck, homeschool history supplement, one of three related decks on hand"
Native American History: A Quiz Deck,,,Quiz Card Deck,,Native American History,"Knowledge Cards quiz deck, question and answer format, homeschool history supplement, one of three related decks on hand"
Native American History: What Happened Where,,,Quiz Card Deck,,"Native American History, U.S. Geography","map-based deck linking events to places, homeschool history supplement, one of three related decks on hand"
No Dice!,6+,2+,Dice Game,15-20 min,"Arithmetic, Equations","five equation dice, score closest to zero, notepad and tin, Wexler Studios / Galison, homeschool math"
Outfoxed!,5+,2-4,Cooperative Deduction Game,20 min,"Logic, Deduction","whodunit, evidence scanner, cooperative, Gamewright, early logic skills"
Pandemic,8+,2-4,Cooperative Board Game,45 min,"Epidemiology, World Geography","cooperative, disease outbreak, roles, Z-Man Games, modern classic"
Parade,8+,2-6,Card Game,30-45 min,,"Alice in Wonderland theme, hand management, avoid collecting cards, Naoki Homma, Z-Man Games"
Pete the Cat: The Missing Cupcakes Game,3+,2-4,Children's Board Game,15-20 min,"Colors, Counting","picture book tie-in, Briarpatch, preschool, simple matching, first board game"
Phase 10,7+,2-6,Card Game,45 min,"Number Sequencing, Sets","rummy variant, ten phases in order, Mattel, family friendly"
Photosynthesis,8+,2-4,Strategy Board Game,30-60 min,"Trees, Photosynthesis, Sunlight","sun rotation, tree growth, area shading, Blue Orange Games, striking 3D trees, stored loose in a zip bag (box removed)"
Poetry for Neanderthals,7+,2-12,Party Word Game,15 min,Vocabulary,"one-syllable words only, inflatable club, Exploding Kittens, large groups, loud and silly"
Prime Climb,10+,2-4,Math Board Game,20-40 min,"Multiplication, Division, Prime Factorization","color-coded 101 spiral, two ten-sided dice, land both pawns on 101, Math for Love, homeschool math, stored loose in a zip bag (box removed)"
PROOF!,9+,2-6,Math Card Game,20 min,"Mental Math, Equations","spot an equation in the nine face-up cards, fast and simultaneous, award winner, homeschool math"
Quicktionary,12+,2+,Word Game,15-20 min,"Vocabulary, Word Construction","three condition cards at once, shout the answer, Forrest-Pruzan / Chronicle Books, quick to teach"
Quiddler,8+,1-8,Word Game,35 min,"Spelling, Vocabulary","letter cards, build short words, rummy-style rounds, PlayMonster, solo playable, homeschool literacy"
Rat-a-Tat Cat,6+,2-6,Card Game,20 min,"Number Sense, Memory","memory and low-card scoring, Gamewright, early math, classic children's card game"
Really Loud Librarians,8+,2-6,Party Word Game,30 min,"Vocabulary, Categories","shout answers by letter and category, board race, Exploding Kittens, library theme"
SET: The Family Game of Visual Perception,6+,1+,Pattern Recognition Game,30 min,"Visual Perception, Logic, Attributes","spot the set of three, simultaneous play, solo playable, Set Enterprises, homeschool logic"
Shadows in the Woods (Le jeu d'ombres en foret / Waldschattenspiel),5+,2-8,Cooperative Dice Game,15-20 min,,"Kraul, Waldorf, candlelight, played in the dark, wooden gnomes, adult leads the candle"
Shifting Stones,8+,2-5,Abstract Strategy Game,20 min,"Spatial Reasoning, Pattern Matching","tile flipping, pattern puzzle, Gamewright, quick play, travel friendly"
Sight Word Stomp!,5+,1-4,Educational Game,15-20 min,"Sight Words, Early Reading","stomp mats, Learning Resources, active learning, kindergarten literacy, solo playable"
Sight-Word Bingo: Level 1,5+,2-36,Educational Game,15-20 min,"Sight Words, Early Reading","75 high-frequency words, 36 game cards, Lakeshore, classroom scale, kindergarten literacy"
Silly Street,4+,2+,Party / Movement Game,20 min,"Social-Emotional Learning, Character Building","get-up-and-move, silly prompts, preschool, Buffalo Games, confidence and creativity"
Simple Word Lotto,5+,2-8,Children's Educational Game,15 min,"Word Recognition, Spelling","eeBoo, 8 double-sided boards, 64 chips, match letters to complete words, recycled materials"
Skyjo,8+,2-8,Card Game,30 min,"Arithmetic, Number Sense","lowest score wins, flip and swap cards, negative numbers, Magilano, family friendly"
Sleeping Queens 2: The Rescue,8+,2-5,Card Game,20 min,Addition,"sequel deck, queens and kings, Gamewright, light math, family friendly"
Snakes & Letters,,2-4,Word Game,,"Spelling, Vocabulary","word building, snake wild cards, control words to score, Flying Carpet Games"
Sorry!,6+,2-4,Family Board Game,30 min,Counting,"roll-and-move, classic, Hasbro, take-that, easy for young players"
Space Escape,7+,2-4,Cooperative Board Game,20 min,Teamwork,"Peaceable Kingdom, cooperative, space theme, robot escape, young players"
Spaceteam,10+,3-6,Cooperative Card Game,5 min,,"real-time, shouting, chaotic cooperative, tool passing, very quick play"
Spirits of the Forest,8+,2,Abstract Strategy Game,20 min,,"two-player, tile drafting, forest spirits, Thundergryph Games, gorgeous art"
Spirits of the Wild,10+,2,Abstract Strategy Game,30 min,,"two-player, stone drafting from a bowl, coyote piece, spirit power cards, not the same game as Spirits of the Forest, stored loose in a zip bag (box removed)"
Spot It!,6+,2-8,Pattern Recognition Game,15 min,"Visual Perception, Spanish Vocabulary","one match between any two cards, round tin, Spanish-vocabulary edition, travel friendly"
Squarrels,7+,2-6,Card Game,20 min,,"squirrels hoarding acorns, take-that, autumn theme, quick play, family friendly"
Stet! Dreyer's English,12+,2-6,Word Game,45 min,"Grammar, Editing, Style","100 sentence cards, spot the error, based on the Benjamin Dreyer book, grammar practice"
Taco vs Burrito: 5th Anniversary Edition,7+,2-4,Card Game,15 min,,"take-that, absurd food combos, designed by a kid, quick play, family friendly"
Ted Lasso Party Game,10+,2-6,Party Game,30 min,,"TV tie-in, trivia and prompts, Funko Games, fan game"
The Color Monster,4+,2-5,Cooperative Board Game,25 min,"Emotions, Social-Emotional Learning","name the feeling and sort it into jars, based on the Anna Llenas picture book, Devir, storytelling, stored loose in a zip bag (box removed)"
The Fox in the Forest,10+,2,Card Game,30 min,,"two-player trick-taking, fairy tale characters, Joshua Buergel, Foxtrot / Renegade, competitive counterpart to the Duet version"
The Fox in the Forest Duet,10+,2,Cooperative Card Game,30 min,,"two-player cooperative trick-taking, Foxtrot / Renegade, fairy tale theme, compact, the competitive original The Fox in the Forest also on hand as a separate entry"
The Little Prince: Make Me a Planet,8+,2-5,Tile-Laying Game,30 min,,"tile drafting, build your own planet, based on the Saint-Exupery book, Ludonaute, stored loose in a zip bag (box removed)"
The Magic Labyrinth,6+,2-4,Memory Game,20-30 min,"Memory, Spatial Reasoning","hidden magnetic maze, Drei Magier, Kinderspiel des Jahres 2009, wooden components"
The Scrambled States of America Game,8+,2-4,Educational Board Game,20 min,"U.S. Geography, States and Capitals","state cards, speed matching, Gamewright, based on the picture book, homeschool geography"
The Wolves,14+,2-5,Strategy Board Game,75 min,Wolf Pack Ecology,"area control, terrain tiles, pack building, Pandasaurus Games, heavier strategy"
The World Game: Fun Geography Board Game,9+,2-5,Educational Board Game,40 min,"World Geography, Flags, Capitals","194 country cards, landmarks, homeschool friendly, cards double as flash cards"
Ticket to Ride: Europe,8+,2-5,Family Strategy Game,30-60 min,European Geography,"route building, set collection, trains, Days of Wonder, Alan R. Moon, gateway game"
Trash Pandas,8+,2-4,Card Game,20 min,,"press-your-luck, dice and cards, raccoons, Gamewright, quick play"
Trekking Through History,10+,2-4,Family Strategy Game,30-60 min,World History,"card drafting, time travel, 108 illustrated history cards, Underdog Games, educational"
Turing Machine: The Punch-Card Computer,14+,1-4,Deduction Game,20-40 min,"Deductive Logic, Computer Science","punch-card verification, crack the three-digit code, no electronics, Scorpion Masque, solo playable, Gridel and Levet"
Unearth,8+,2-4,Dice Game,30-60 min,,"dice placement, ruins and stones, set collection, Brotherwise Games, stored loose in a zip bag (box removed)"
Wavelength,14+,2-12,Party Game,30-45 min,,"spectrum guessing, team play, telepathy dial, large groups, Palm Court"
What Do You Meme?,17+,3-20,Party Card Game,30-90 min,,"adult humor, meme captions, large groups, judging round, not for kids"
Wildcraft! An Herbal Adventure Game,4+,1-4,Cooperative Board Game,30-60 min,"Herbalism, Edible and Medicinal Plants, Botany","cooperative, 25 real plants, Grandma's house, LearningHerbs, homeschool nature study, stored loose in a zip bag (box removed)"
Wing It: The Game of Extreme Storytelling,,,Party / Storytelling Game,,Creative Storytelling,"improvised survival stories, judged rounds, Flying Leap Games"
Wingspan,10+,1-5,Strategy Board Game,40-70 min,"Birds, Ornithology","engine building, card drafting, real bird facts, Stonemaier Games, solo mode"
Winter Frost,,,Card Game,,,"winter solstice theme, Snow Queen and gnomes, pairing and blocking, indie small-press, seasonal"
Woodland Wanderings,5+,2+,Playing Card Deck,Varies,,"oversized illustrated deck, standard suits and numbers, plays rummy solitaire go fish and more, Little Wren"
Wordsmithery,,,Word Game,,Vocabulary,"the game for every wordsmith young and old, vocabulary and definitions"
Zeus on the Loose,8+,2-5,Card Game,20 min,"Mental Math, Addition, Greek Mythology","running total to 100, Olympian card powers, Gamewright, homeschool math practice"
Zombie Kittens,7+,2-5,Party Card Game,15 min,,"Exploding Kittens sequel, play after you die, take-that, quick play"
